id,name,still_in_business
1,A & R Building Components,
2,A&C Construction,
3,A+ Tire & Alignment,
4,Ace Hardware,
5,Advance Enterprises,
6,Advertising Express,
7,Affordable Builders Blacksher & Co Inc,
8,Affordable Building and Design,
9,Aflac,
10,Alignment Plus,
11,Alltel,
12,Alltel Marketing,
13,Amazing Grace Missionary Baptist Church,
14,American Freightways,
15,American Interstate Insurance Company,
16,Anderson Construction,
17,"Appraisal Services of Arkansas, Inc",
18,Arkansas Building Products,
19,Arkansas Capital Structures,
20,"Arkansas Carbide Saw & Tool Co., Inc",
21,Arkansas Department of Environmental Quality,
22,Arkansas Highway Department,
23,"Arkansas Log Homes, LLC",
24,Arkansas State Board of Collection Agencies,
25,Arkansas Western Gas,
26,Arnold Pump Service,
27,Arrow Craft,
28,AZ Renovation & Restoration,
29,B-Line Systems Inc,
30,B&B Supply,
31,B&P One Stop,
32,Ball & Prier Tire,
33,Bank of the Ozarks (Bellefonte),
34,Bank of the Ozarks (Main Office),
35,Bank of the Ozarks (North),
36,Bar L Homes LLC,
37,Baty Construction Co,
38,BCB Inc,
39,BCI Corporation,
40,Bear Construction,
41,Bear Creek Automotive,
42,Bennett Lumber Company,
43,Bibler Brothers Lumber Co,
44,Biewer Lumber,
45,Bill Parker Construction,
46,Bilt-Rite Construction,
47,Birdsong Builders,
48,BK&P Services,
49,Bob’s Do-It-Best,
50,Bob’s Powerhouse Antiques & Construction,
51,Bowser’s Metal Supply LLC,
52,Brewer’s Truss,
53,Brittney Inc,
54,Brockmans Auto,
55,Brooks Construction,
56,Bruce Eddings Construction,
57,Bruffett Construction,
58,Buck Construction,
59,Buffalo Signs,
60,Build It Construction,
61,Builders Pro Construction Services LLC,
62,C.L. Construction,
63,C&L Trucking,
64,Campbell Insurance Agency Inc,
65,Card Development LLC,
66,Carter’s Creations,
67,CB Oil Company Inc,
68,CBERG Construction LLC,
69,Champlin Crane & Welding Service,
70,Charles Apple & Company,
71,Circle G Trusses,
72,Circuit City Inc,
73,Claridge Products & Equipment Co,
74,Clark Office Products,
75,Cobalt Truss,
76,Cole-Bilt Buildings,
77,Collier Auto Supply,
78,Community First Bank,
79,Continental Timber,
80,Contractor’s Supply,
81,Conway Guiteau Lumber,
82,Cool Town Trucking,
83,Country Haven Construction,
84,Crouse Construction Co,
85,Curtis Heating,
86,Custom Builders,
87,Custom Building Concepts,
88,D&H Glass,
89,Dan Bennett Construction,
90,Danny Norton Builders,
91,Davis Roof Trus Mfg. Co. Inc.,
92,DeJager Construction & Log Homes,
93,Denny Smith Roofing & Construction LLC,
94,Derek Townlin Roofing,
95,Derickson Lumber Co LLC,
96,Don Williams Construction,
97,Dressi Building Company,
98,Drewry Custom Builders Inc,
99,E.A. Martin Company,
100,Eagle Metal,
101,Eastman Booth Inc,
102,EcoQuest International,
103,Engineering Services Inc,
104,Entergy,
105,Environmental,
106,Evans & Associates Residential Contractors Inc,
107,Evans Building Supply,
108,F.B.R. Co.,
109,FBR Co.,
110,First Federal Bank,
111,Flaming Eagle Express,
112,Flemming Construction,
113,Fountain Financial & Tax,
114,Frank Turner Construction,
115,G. L. Still Construction,
116,"Gary Brisco Heat, Air & Electric",
117,GB Services Inc,
118,Glen Beach,
119,Grady W Jones Company,
120,Green Forest Construction,
121,Guy’s Sign Co.,
122,H&H Construction,
123,H&R Block,
124,Hagston Homes & Builders,
125,Hamilton Classics,
126,Hammond Construction,
127,Hanby Lumber Co.,
128,Hancock Custom Finishing,
129,Handyman Plus,
130,Harness Roofing Inc,
131,Harold Saeler Auto Exchange,
132,Harrison Auto Salvage,
133,Harrison Fire Extinguisher Co.,
134,Harrison Overhead Door,
135,Harrison Towing,
136,Hart & Associates Inc,
137,Heart Homes of Harrison,
138,Helton Crane & Rigging Inc,
139,Henley Construction,
140,Henry Adams Inc,
141,Heritage Realty,
142,Hickory Hill Insurance,
143,Hill Country Hardware Inc,
144,Hixson Lumber Sales,
145,Hoeme Distributing Co.,
146,Horn Construction,
147,Hostetler’s Seamless Gutter,
148,HOT Contractors,
149,Hudson Construction,
150,Hugg & Hall Equipment Company,
151,Hy-Tech Auto Repair,
152,Interim Personnel,
153,J & B Auto Service,
154,J. M. Grab Construction,
155,JD’s Trucking,
156,Jerry Jackson Realty,
157,Jim’s Refuse Service,
158,John’s Construction,
159,Johnson Enterprise,
160,Judy’s Insulation Co.,
161,KBCN 104.3,
162,KCWD,
163,Keathley – Patterson Electric Co.,
164,Kenny Cackley Construction,
165,Kevin Beaver,
166,Kimbrough Company Inc,
167,Kirk’s Excavation Inc,
168,KTLO AM-FM,
169,Kuenzle Construction,
170,L & H Builders,
171,L & L Construction,
172,L & L Oil,
173,L & R Fabracators,
174,Lakewood Resort,
175,Latco Wood Truss,
176,LAUR,
177,Lazy Hog Lodge,
178,Lester Davidson / Jack Rigsby Construction,
179,Liberty National Insurance,
180,Liberty Tax Service,
181,Lift-All Crane Service,
182,Load N Go Trailer Manufacturing,
183,Log Crafters,
184,Lone Elk Cabins,
185,Louisiana Forest Products,
186,Lowe Bros Construction,
187,Lowe’s Construction,
188,Lowes,
189,Magness Oil Co,
190,Martin Construction,
191,Massengale Transport,
192,Masterman’s,
193,Meek’s Portable Welding,
194,Meeks,
195,Metro Construction,
196,Mike Smith Electric,
197,Mike’s Heating & Cooling,
198,Miller Hardware,
199,MiTek,
200,MiTek Collections Center,
201,Mitiserve Restoration LLC,
202,Modern Parts,
203,NCAHBA,
204,Newman’s Body Shop,
205,Next Door,
206,No Hidden Cost Construction,
207,Noah’z Ark Cabins LLC,
208,North American,
209,North American Products,
210,North Ark Tree Svc,
211,North Central Arkansas Structures,
212,North Pacific,
213,North Star Management,
214,Northark Parts,
215,Northwest Regional Housing Authority,
216,Office Max,
217,Oklahoma Tal. Mfg. Inc,
218,Ozark Bearing and Supply Inc,
219,Ozark Construction Co.,
220,Ozark Custom Country Homes,
221,Ozark Mountain Properties,
222,Ozark Timber Freight Inc.,
223,Pack’s Lumber & Carpet,
224,Pan Pacific Forest Products,
225,Paymaster Technologies Inc,
226,Payne Tool Service,
227,Pella Window & Door,
228,Petra Investments,
229,Pine Creek Lumber Inc,
230,Pitman Creek Wholesale,
231,Plunkett Dstributing,
232,Pole Barns Plus,
233,Powell Hardware,
234,Powell’s Ace Hardware LLC,
235,Precision Construction,
236,Premium Tax Service,
237,PSI Tire Center,
238,Quality Construction & Remodeling LLC,
239,Quality Wholesale,
240,R & G Handyman & Construction,
241,R W Trucking,
242,Race Brothers Farm,
243,Randall Dickinson Construction,
244,Re/Max Unlimited Inc,
245,Realco Investments,
246,Reliable,
247,Rent Me! Bucket Truck Service,
248,Richardson Oil Co,
249,Richardson’s Construction,
250,Rickett’s Construction,
251,Ridgemonte Developments LLC,
252,Robbins Engineering Inc,
253,Robbins Lumber Company,
254,Robotham Construction,
255,RRK Built Homes,
256,Rusty Dees Construction,
257,Sam’s Club #8296,
258,Screaman Freeman Conner,
259,Self Help Housing,
260,Shumaker Battery,
261,Simpson Strong-Tie,
262,SMBZ Construction & Excavation,
263,Snap-On,
264,Snow Construction,
265,Southern Construction LLC,
266,State Line Crane Service,
267,Steve Gilliam Construction,
268,Steve Roberts Construction,
269,Steve’s Renovation,
270,Stewart Construction and Electric LLC,
271,Straigh Line Construction LLC,
272,Structural Systems Engineering,
273,Superior Builders,
274,Table Rock Development LLC,
275,Tanksley & Randalph Construction,
276,Tanner Hardware & Lumber,
277,The Lumber Shed Truss Co.,
278,The Paymaster System,
279,The Wood Connection LLC,
280,Three Oaks Construction Inc,
281,Tim Hottinger Construction Company Inc,
282,Timberline Forest Products LLC,
283,TLD Construction LLC,
284,TM Ramsey Investments LLC,
285,Todd’s Construction,
286,Todd’s Hydraulics,
287,Tom’s Welding,
288,Town-N-Country Mini Barns,
289,Tractor Supply,
290,Travers Tool Co. Inc.,
291,Trogdon Repair Service,
292,Truebuild Construction,
293,Truslock Inc,
294,Unemployment,
295,United Country,
296,United Insurance,
297,United-Bilt Homes,
298,UPS,
299,USDOT,
300,Valley Springs Fire Department,
301,Valley Springs School,
302,Valley Springs Water Department,
303,VLS Construction Inc,
304,Wal-Mart,
305,Wallace Construction,
306,We Can Do It,
307,Wes Meyers Construction LLC,
308,Windstream,
309,Wood’s Wrecker Service,
310,Worley’s Tire,
311,Worth Tax & Bookkeeping Service,
312,WPL Weatherization Partners Ltd.,
313,Xero Fax Inc,
314,Yeager Auto Salvage,
315,Yover & Sons Construction Inc,
