id,fax_number
1,417-869-6961
2,870-580-0584
3,918-626-3741
4,501-372-5383
5,248-280-1679
6,870-741-0121
7,870-743-5518
8,870-751-2941
9,810-561-5761
10,870-741-0226
11,870-204-6311
12,417-866-1350
13,870-741-1098
14,479-751-8746
15,870-365-3739
16,501-967-8139
17,618-654-1917
18,501-890-8565
19,870-349-2883
20,870-429-6490
21,870-741-4714
22,870-435-6031
23,870-741-3828
24,870-741-9812
25,870-425-0757
26,870-741-7461
27,870-391-8025
28,501-872-8103
29,479-751-0218
30,870-499-3271
31,417-544-1985
32,870-743-5997
33,870-741-8532
34,870-448-5380
35,870-424-4044
36,870-446-5239
37,870-365-0886
38,903-887-1723
39,870-741-7864
40,870-425-9747
41,413-812-5682
42,479-253-9182
43,870-424-3333
44,870-438-6572
45,870-741-8853
46,870-741-6630
47,870-743-6686
48,479-751-5090
49,501-354-3279
50,870-741-3016
51,870-741-8986
52,870-741-8024
53,417-335-5706
54,870-743-4030
55,870-743-2226
56,870-743-9491
57,479-253-0241
58,870-741-0137
59,479-750-1095
60,417-336-2233
61,501-759-2885
62,870-429-5279
63,870-741-2700
64,870-743-1168
65,870-741-9702
66,870-424-4314
67,417-785-9810
68,417-334-3692
69,870-741-7480
70,314-434-1587
71,417-332-0325
72,503-590-7421
73,800-525-0396
74,870-741-8148
75,870-743-6510
76,870-741-8103
77,870-741-0970
78,314-851-8529
79,870-425-5950
80,870-423-6330
81,870-741-7896
82,870-741-2741
83,870-449-5579
84,870-741-9234
85,870-741-9246
86,817-633-4174
87,870-467-5114
88,601-735-2602
89,501-745-4911
90,417-778-7411
91,870-741-0788
92,870-438-4858
93,870-427-3825
94,870-438-6927
95,870-423-2034
96,479-253-0010
97,479-789-2724
98,870-438-6030
99,870-365-7750
100,870-743-3126
101,606-346-2127
102,870-743-4122
103,847-758-0123
104,870-741-6412
105,870-782-0044
106,870-365-0363
107,501-945-1202
108,501-945-0506
109,870-436-3877
110,870-743-1897
111,336-855-3583
112,870-715-5204
113,870-741-5412
114,870-741-8023
115,870-741-9818
116,501-623-5662
117,870-994-7505
118,972-542-5379
119,870-741-9223
120,417-334-3841
121,870-436-7404
122,800-326-3233
123,813-978-8626
124,866-550-0225
125,870-438-5782
126,479-253-9313
127,417-334-2353
128,870-426-2099
129,870-426-2267
130,870-934-8906
131,870-536-2917
132,800-722-0703
133,501-268-8140
134,501-362-2329
135,479-968-9251
136,870-773-0516
137,479-783-6321
138,816-246-0442
139,816-228-4129
140,479-824-3474
141,870-741-9609
142,866-690-9004
143,870-743-4711
144,870-365-5812
145,870-741-0505
146,870-280-2138
147,614-754-8148
148,479-253-2007
149,864-859-8414
150,870-741-7040
151,870-704-8151
